timestamp,elapsed_sec,packet_count,p_occupied,presence_threshold,presence_state,p_lying,p_standing,p_moving,activity_state,activity_transition,final_prediction,final_prediction_name
2026-08-23 18:02:10.730,9.9374,400,0.346064,0.271314,Occupied,0.893687,0.101942,0.004371,0,INIT->LYING,1,Lying
2026-08-23 18:02:11.473,10.9602,440,0.333214,0.271314,Occupied,0.923738,0.073506,0.002756,0,,1,Lying
2026-08-23 18:02:12.470,11.9602,480,0.307910,0.271314,Occupied,0.869289,0.127877,0.002834,0,,1,Lying
2026-08-23 18:02:13.508,12.9613,520,0.277874,0.271314,Occupied,0.905148,0.092116,0.002736,0,,1,Lying
2026-08-23 18:02:14.503,13.9774,560,0.262540,0.271314,Empty,0.000000,0.000000,0.000000,-1,,0,Empty
2026-08-23 18:02:15.475,14.9362,600,0.247399,0.271314,Empty,0.000000,0.000000,0.000000,-1,,0,Empty
2026-08-23 18:02:16.471,15.9749,640,0.229926,0.271314,Empty,0.000000,0.000000,0.000000,-1,,0,Empty
2026-08-23 18:02:17.452,16.9538,680,0.224315,0.271314,Empty,0.000000,0.000000,0.000000,-1,,0,Empty
2026-08-23 18:02:18.498,17.9437,720,0.199008,0.271314,Empty,0.000000,0.000000,0.000000,-1,,0,Empty
2026-08-23 18:02:19.456,18.9533,760,0.203300,0.271314,Empty,0.000000,0.000000,0.000000,-1,,0,Empty
2026-08-23 18:02:20.488,19.9616,800,0.183277,0.271314,Empty,0.000000,0.000000,0.000000,-1,,0,Empty
2026-08-23 18:02:21.478,20.9829,840,0.156787,0.271314,Empty,0.000000,0.000000,0.000000,-1,,0,Empty
2026-08-23 18:02:22.461,21.9610,880,0.155460,0.271314,Empty,0.000000,0.000000,0.000000,-1,,0,Empty
2026-08-23 18:02:23.436,22.9602,920,0.145085,0.271314,Empty,0.000000,0.000000,0.000000,-1,,0,Empty
2026-08-23 18:02:24.453,23.9610,960,0.142795,0.271314,Empty,0.000000,0.000000,0.000000,-1,,0,Empty
2026-08-23 18:02:25.503,24.9440,1000,0.135225,0.271314,Empty,0.000000,0.000000,0.000000,-1,,0,Empty
2026-08-23 18:02:26.454,25.9523,1040,0.148957,0.271314,Empty,0.000000,0.000000,0.000000,-1,,0,Empty
2026-08-23 18:02:27.479,26.9289,1080,0.163261,0.271314,Empty,0.000000,0.000000,0.000000,-1,,0,Empty
2026-08-23 18:02:28.470,27.9780,1120,0.184174,0.271314,Empty,0.000000,0.000000,0.000000,-1,,0,Empty
2026-08-23 18:02:29.452,28.9610,1160,0.181536,0.271314,Empty,0.000000,0.000000,0.000000,-1,,0,Empty
2026-08-23 18:02:30.471,29.9698,1200,0.185571,0.271314,Empty,0.000000,0.000000,0.000000,-1,,0,Empty
2026-08-23 18:02:31.479,30.9437,1240,0.209677,0.271314,Empty,0.000000,0.000000,0.000000,-1,,0,Empty
2026-08-23 18:02:32.461,31.9604,1280,0.218596,0.271314,Empty,0.000000,0.000000,0.000000,-1,,0,Empty
2026-08-23 18:02:33.488,32.9273,1320,0.241545,0.271314,Empty,0.000000,0.000000,0.000000,-1,,0,Empty
2026-08-23 18:02:34.469,33.9711,1360,0.257391,0.271314,Empty,0.000000,0.000000,0.000000,-1,,0,Empty
2026-08-23 18:02:35.481,34.9705,1400,0.278586,0.271314,Occupied,0.896073,0.098704,0.005224,0,INIT->LYING,1,Lying
2026-08-23 18:02:36.504,35.9378,1440,0.264157,0.271314,Empty,0.000000,0.000000,0.000000,-1,,0,Empty
2026-08-23 18:02:37.518,36.9648,1480,0.330258,0.271314,Occupied,0.329053,0.630739,0.040209,1,INIT->STANDING,2,Standing
2026-08-23 18:02:38.480,37.9699,1520,0.739466,0.271314,Occupied,0.003438,0.007787,0.988775,1,,2,Standing
2026-08-23 18:02:39.494,38.9292,1560,0.957426,0.271314,Occupied,0.004737,0.007140,0.988124,1,,2,Standing
2026-08-23 18:02:40.489,39.9360,1600,0.995187,0.271314,Occupied,0.001070,0.020170,0.978761,2,STANDING->MOVING,3,Moving
2026-08-23 18:02:41.464,40.9768,1640,0.999227,0.271314,Occupied,0.000666,0.018767,0.980567,2,,3,Moving
2026-08-23 18:02:42.523,41.9399,1680,0.999635,0.271314,Occupied,0.000338,0.021526,0.978136,2,,3,Moving
2026-08-23 18:02:43.469,42.9693,1720,0.999901,0.271314,Occupied,0.000462,0.009637,0.989901,2,,3,Moving
2026-08-23 18:02:44.488,43.9370,1760,0.999928,0.271314,Occupied,0.000137,0.000323,0.999540,2,,3,Moving
2026-08-23 18:02:45.454,44.9542,1800,0.999947,0.271314,Occupied,0.000095,0.000058,0.999848,2,,3,Moving
2026-08-23 18:02:46.503,45.9858,1840,0.999955,0.271314,Occupied,0.000152,0.000058,0.999790,2,,3,Moving
2026-08-23 18:02:47.540,46.9693,1880,0.999951,0.271314,Occupied,0.000065,0.000058,0.999878,2,,3,Moving
2026-08-23 18:02:48.536,47.9640,1920,0.999917,0.271314,Occupied,0.000050,0.000292,0.999658,2,,3,Moving
2026-08-23 18:02:49.494,48.9936,1960,0.999803,0.271314,Occupied,0.000078,0.000363,0.999560,2,,3,Moving
2026-08-23 18:02:50.517,49.9523,2000,0.999277,0.271314,Occupied,0.000052,0.000410,0.999538,2,,3,Moving
2026-08-23 18:02:51.490,50.9854,2040,0.998518,0.271314,Occupied,0.000062,0.000436,0.999502,2,,3,Moving
2026-08-23 18:02:52.452,51.9860,2080,0.998246,0.271314,Occupied,0.000070,0.000175,0.999755,2,,3,Moving
2026-08-23 18:02:53.480,52.9937,2120,0.998213,0.271314,Occupied,0.000193,0.000125,0.999682,2,,3,Moving
2026-08-23 18:02:54.488,53.9991,2160,0.999293,0.271314,Occupied,0.005116,0.000233,0.994651,2,,3,Moving
2026-08-23 18:02:55.496,54.9944,2200,0.999784,0.271314,Occupied,0.993737,0.006145,0.000118,2,,3,Moving
2026-08-23 18:02:56.524,56.0023,2240,0.999964,0.271314,Occupied,0.989820,0.010036,0.000143,2,,3,Moving
2026-08-23 18:02:57.495,57.0030,2280,0.999987,0.271314,Occupied,0.985771,0.013914,0.000315,0,MOVING->LYING,1,Lying
2026-08-23 18:02:58.502,58.0103,2320,0.999991,0.271314,Occupied,0.990903,0.008903,0.000193,0,,1,Lying
2026-08-23 18:02:59.537,58.9799,2360,0.999997,0.271314,Occupied,0.989051,0.010684,0.000265,0,,1,Lying
2026-08-23 18:03:00.508,60.0242,2400,0.999999,0.271314,Occupied,0.995477,0.004358,0.000165,0,,1,Lying
2026-08-23 18:03:01.571,60.9798,2440,1.000000,0.271314,Occupied,0.980224,0.019415,0.000361,0,,1,Lying
2026-08-23 18:03:02.561,62.0112,2480,0.999999,0.271314,Occupied,0.933205,0.066229,0.000566,0,,1,Lying
2026-08-23 18:03:03.545,62.9960,2520,0.999999,0.271314,Occupied,0.925638,0.073714,0.000648,0,,1,Lying
2026-08-23 18:03:04.548,63.9955,2560,0.999999,0.271314,Occupied,0.490884,0.508660,0.000456,0,,1,Lying
2026-08-23 18:03:05.554,64.9862,2600,0.999999,0.271314,Occupied,0.725718,0.273323,0.000959,0,,1,Lying
2026-08-23 18:03:06.538,65.9944,2640,0.999998,0.271314,Occupied,0.716384,0.282441,0.001175,0,,1,Lying
2026-08-23 18:03:07.578,66.9946,2680,0.999997,0.271314,Occupied,0.958720,0.040865,0.000415,0,,1,Lying
2026-08-23 18:03:08.649,67.9937,2720,0.999997,0.271314,Occupied,0.968186,0.030826,0.000988,0,,1,Lying
2026-08-23 18:03:09.553,68.9942,2760,0.999997,0.271314,Occupied,0.000232,0.000250,0.999518,0,,1,Lying
2026-08-23 18:03:10.496,70.0024,2800,0.999994,0.271314,Occupied,0.000077,0.000158,0.999765,0,,1,Lying
2026-08-23 18:03:11.569,71.0199,2840,0.999983,0.271314,Occupied,0.000082,0.000112,0.999806,2,LYING->MOVING,3,Moving
2026-08-23 18:03:12.572,72.0606,2880,0.999944,0.271314,Occupied,0.000328,0.000128,0.999543,2,,3,Moving
2026-08-23 18:03:13.572,73.0521,2920,0.999846,0.271314,Occupied,0.000619,0.001568,0.997813,2,,3,Moving
2026-08-23 18:03:14.621,74.0440,2960,0.999662,0.271314,Occupied,0.000052,0.000319,0.999629,2,,3,Moving
2026-08-23 18:03:15.661,75.1227,3000,0.999902,0.271314,Occupied,0.000036,0.000074,0.999890,2,,3,Moving
2026-08-23 18:03:16.639,76.0951,3040,0.999938,0.271314,Occupied,0.000037,0.000083,0.999881,2,,3,Moving
2026-08-23 18:03:17.611,77.1039,3080,0.999870,0.271314,Occupied,0.000512,0.001151,0.998336,2,,3,Moving
2026-08-23 18:03:18.619,78.1128,3120,0.999584,0.271314,Occupied,0.000592,0.001202,0.998206,2,,3,Moving
2026-08-23 18:03:19.654,79.0871,3160,0.999560,0.271314,Occupied,0.125169,0.869657,0.005174,2,,3,Moving
2026-08-23 18:03:20.635,80.1212,3200,0.999272,0.271314,Occupied,0.022710,0.976344,0.000946,2,,3,Moving
2026-08-23 18:03:21.646,81.0862,3240,0.999338,0.271314,Occupied,0.020142,0.979293,0.000565,1,MOVING->STANDING,2,Standing
2026-08-23 18:03:22.670,82.0959,3280,0.999348,0.271314,Occupied,0.021540,0.977897,0.000564,1,,2,Standing
2026-08-23 18:03:23.646,83.0773,3320,0.999088,0.271314,Occupied,0.074127,0.925440,0.000433,1,,2,Standing
2026-08-23 18:03:24.610,84.1108,3360,0.998116,0.271314,Occupied,0.028829,0.970963,0.000208,1,,2,Standing
2026-08-23 18:03:25.642,85.0853,3400,0.971677,0.271314,Occupied,0.125078,0.874025,0.000896,1,,2,Standing
2026-08-23 18:03:26.661,86.0870,3440,0.850889,0.271314,Occupied,0.639769,0.358942,0.001289,1,,2,Standing
2026-08-23 18:03:27.630,87.1218,3480,0.778950,0.271314,Occupied,0.318991,0.678687,0.002322,1,,2,Standing
2026-08-23 18:03:28.620,88.1046,3520,0.794059,0.271314,Occupied,0.064744,0.933205,0.002052,1,,2,Standing
2026-08-23 18:03:29.611,89.1042,3560,0.851816,0.271314,Occupied,0.010479,0.988659,0.000861,1,,2,Standing
2026-08-23 18:03:30.646,90.0857,3600,0.879916,0.271314,Occupied,0.002778,0.996499,0.000723,1,,2,Standing
2026-08-23 18:03:31.644,91.0774,3640,0.912409,0.271314,Occupied,0.007699,0.991479,0.000823,1,,2,Standing
2026-08-23 18:03:32.688,92.1133,3680,0.940387,0.271314,Occupied,0.006870,0.992342,0.000788,1,,2,Standing
2026-08-23 18:03:33.628,93.1297,3720,0.969523,0.271314,Occupied,0.003222,0.996167,0.000611,1,,2,Standing
2026-08-23 18:03:34.685,94.1228,3760,0.982368,0.271314,Occupied,0.002619,0.997009,0.000372,1,,2,Standing
2026-08-23 18:03:35.678,95.1045,3800,0.993693,0.271314,Occupied,0.002141,0.997513,0.000346,1,,2,Standing
2026-08-23 18:03:36.735,96.1799,3840,0.999963,0.271314,Occupied,0.001869,0.005303,0.992828,1,,2,Standing
2026-08-23 18:03:37.784,97.2216,3880,0.999989,0.271314,Occupied,0.001239,0.004001,0.994761,1,,2,Standing
2026-08-23 18:03:38.784,98.2802,3920,0.999998,0.271314,Occupied,0.001489,0.004040,0.994471,2,STANDING->MOVING,3,Moving
2026-08-23 18:03:39.823,99.2557,3960,0.999999,0.271314,Occupied,0.000059,0.000097,0.999844,2,,3,Moving
2026-08-23 18:03:40.816,100.2608,4000,0.999999,0.271314,Occupied,0.000042,0.000047,0.999910,2,,3,Moving
2026-08-23 18:03:41.819,101.3198,4040,0.999999,0.271314,Occupied,0.000101,0.000190,0.999708,2,,3,Moving
2026-08-23 18:03:42.880,102.3739,4080,0.999999,0.271314,Occupied,0.000476,0.000098,0.999426,2,,3,Moving
2026-08-23 18:03:43.881,103.3710,4120,0.999998,0.271314,Occupied,0.000228,0.000093,0.999679,2,,3,Moving
2026-08-23 18:03:44.886,104.3290,4160,0.999998,0.271314,Occupied,0.000256,0.000184,0.999561,2,,3,Moving
2026-08-23 18:03:45.862,105.3704,4200,0.999995,0.271314,Occupied,0.000178,0.000343,0.999479,2,,3,Moving
2026-08-23 18:03:46.911,106.3463,4240,0.999924,0.271314,Occupied,0.000336,0.004107,0.995557,2,,3,Moving
2026-08-23 18:03:47.861,107.3612,4280,0.999806,0.271314,Occupied,0.000066,0.000539,0.999395,2,,3,Moving
2026-08-23 18:03:48.869,108.3598,4320,0.998345,0.271314,Occupied,0.000088,0.000415,0.999497,2,,3,Moving
2026-08-23 18:03:49.933,109.3368,4360,0.996001,0.271314,Occupied,0.000079,0.000227,0.999694,2,,3,Moving
2026-08-23 18:03:50.896,110.3290,4400,0.998924,0.271314,Occupied,0.000053,0.000070,0.999877,2,,3,Moving
2026-08-23 18:03:51.844,111.3496,4440,0.999122,0.271314,Occupied,0.000062,0.000069,0.999868,2,,3,Moving
2026-08-23 18:03:52.861,112.3549,4480,0.998282,0.271314,Occupied,0.000429,0.000983,0.998588,2,,3,Moving
2026-08-23 18:03:53.909,113.3368,4520,0.997838,0.271314,Occupied,0.134866,0.239598,0.625536,2,,3,Moving
2026-08-23 18:03:54.858,114.3537,4560,0.997180,0.271314,Occupied,0.036908,0.961703,0.001389,2,,3,Moving
2026-08-23 18:03:55.881,115.3860,4600,0.996871,0.271314,Occupied,0.008682,0.990634,0.000684,2,,3,Moving
2026-08-23 18:03:56.941,116.3608,4640,0.993004,0.271314,Occupied,0.100990,0.896520,0.002490,1,MOVING->STANDING,2,Standing
2026-08-23 18:03:57.898,117.4042,4680,0.986337,0.271314,Occupied,0.030725,0.968064,0.001210,1,,2,Standing
2026-08-23 18:03:58.941,118.3603,4720,0.985992,0.271314,Occupied,0.065825,0.933426,0.000749,1,,2,Standing
2026-08-23 18:03:59.913,119.3542,4760,0.976207,0.271314,Occupied,0.012134,0.987081,0.000785,1,,2,Standing
2026-08-23 18:04:00.977,120.4130,4800,0.737792,0.271314,Occupied,0.035493,0.962935,0.001572,1,,2,Standing
2026-08-23 18:04:01.939,121.4535,4840,0.706995,0.271314,Occupied,0.034850,0.963881,0.001269,1,,2,Standing
2026-08-23 18:04:02.982,122.4208,4880,0.747427,0.271314,Occupied,0.072590,0.923702,0.003708,1,,2,Standing
2026-08-23 18:04:03.979,123.4054,4920,0.733389,0.271314,Occupied,0.770395,0.227432,0.002173,1,,2,Standing
2026-08-23 18:04:04.957,124.4465,4960,0.701133,0.271314,Occupied,0.217413,0.777814,0.004773,1,,2,Standing
2026-08-23 18:04:05.973,125.4198,5000,0.678101,0.271314,Occupied,0.087776,0.910421,0.001803,1,,2,Standing
2026-08-23 18:04:07.019,126.4611,5040,0.609927,0.271314,Occupied,0.051817,0.947285,0.000898,1,,2,Standing
2026-08-23 18:04:08.047,127.5451,5080,0.553584,0.271314,Occupied,0.413964,0.584198,0.001838,1,,2,Standing
2026-08-23 18:04:09.149,128.5988,5120,0.557628,0.271314,Occupied,0.142495,0.856438,0.001067,1,,2,Standing
2026-08-23 18:04:10.085,129.5946,5160,0.963767,0.271314,Occupied,0.000816,0.001425,0.997759,1,,2,Standing
2026-08-23 18:04:11.079,130.5799,5200,0.985780,0.271314,Occupied,0.000235,0.000376,0.999389,1,,2,Standing
2026-08-23 18:04:12.078,131.5868,5240,0.986184,0.271314,Occupied,0.000060,0.000087,0.999853,2,STANDING->MOVING,3,Moving
2026-08-23 18:04:13.118,132.5789,5280,0.989167,0.271314,Occupied,0.000164,0.000092,0.999744,2,,3,Moving
2026-08-23 18:04:14.073,133.5872,5320,0.990653,0.271314,Occupied,0.008661,0.001101,0.990238,2,,3,Moving
2026-08-23 18:04:15.096,134.5870,5360,0.992582,0.271314,Occupied,0.014614,0.001993,0.983393,2,,3,Moving
2026-08-23 18:04:16.094,135.5867,5400,0.992220,0.271314,Occupied,0.199336,0.339752,0.460913,2,,3,Moving
2026-08-23 18:04:17.088,136.5852,5440,0.990799,0.271314,Occupied,0.121387,0.289465,0.589149,2,,3,Moving
2026-08-23 18:04:18.130,137.5624,5480,0.986566,0.271314,Occupied,0.009212,0.001804,0.988984,2,,3,Moving
2026-08-23 18:04:19.102,138.6046,5520,0.992769,0.271314,Occupied,0.001501,0.000322,0.998177,2,,3,Moving
2026-08-23 18:04:20.138,139.5710,5560,0.960063,0.271314,Occupied,0.000058,0.000176,0.999766,2,,3,Moving
2026-08-23 18:04:21.169,140.5629,5600,0.993141,0.271314,Occupied,0.000111,0.000171,0.999718,2,,3,Moving
2026-08-23 18:04:22.048,141.5767,5640,0.998181,0.271314,Occupied,0.000085,0.000191,0.999724,2,,3,Moving
2026-08-23 18:04:23.086,142.5867,5680,0.999689,0.271314,Occupied,0.000269,0.000273,0.999459,2,,3,Moving
2026-08-23 18:04:24.131,143.5698,5720,0.999971,0.271314,Occupied,0.000250,0.000816,0.998935,2,,3,Moving
2026-08-23 18:04:25.161,144.5626,5760,0.999997,0.271314,Occupied,0.001631,0.003286,0.995083,2,,3,Moving
2026-08-23 18:04:26.086,145.5800,5800,0.999999,0.271314,Occupied,0.001994,0.009657,0.988349,2,,3,Moving
2026-08-23 18:04:27.130,146.5620,5840,1.000000,0.271314,Occupied,0.000998,0.008252,0.990751,2,,3,Moving
2026-08-23 18:04:28.103,147.5962,5880,1.000000,0.271314,Occupied,0.000458,0.051003,0.948540,2,,3,Moving
2026-08-23 18:04:29.096,148.5499,5920,1.000000,0.271314,Occupied,0.000499,0.025147,0.974354,2,,3,Moving
2026-08-23 18:04:30.096,149.5962,5960,1.000000,0.271314,Occupied,0.000195,0.023394,0.976411,2,,3,Moving
2026-08-23 18:04:31.098,150.5939,6000,1.000000,0.271314,Occupied,0.000061,0.000761,0.999178,2,,3,Moving
2026-08-23 18:04:32.106,151.5944,6040,1.000000,0.271314,Occupied,0.000060,0.000834,0.999106,2,,3,Moving
2026-08-23 18:04:33.106,152.5769,6080,1.000000,0.271314,Occupied,0.000263,0.004641,0.995096,2,,3,Moving
2026-08-23 18:04:34.104,153.5751,6120,1.000000,0.271314,Occupied,0.000041,0.000139,0.999820,2,,3,Moving
2026-08-23 18:04:35.099,154.5945,6160,1.000000,0.271314,Occupied,0.000032,0.000078,0.999890,2,,3,Moving
2026-08-23 18:04:36.153,155.5876,6200,1.000000,0.271314,Occupied,0.000028,0.000127,0.999845,2,,3,Moving
2026-08-23 18:04:37.131,156.5793,6240,1.000000,0.271314,Occupied,0.000027,0.000118,0.999855,2,,3,Moving
2026-08-23 18:04:38.219,157.5958,6280,1.000000,0.271314,Occupied,0.000024,0.000086,0.999891,2,,3,Moving
2026-08-23 18:04:39.177,158.6695,6320,1.000000,0.271314,Occupied,0.000021,0.000082,0.999897,2,,3,Moving
2026-08-23 18:04:40.170,159.6699,6360,1.000000,0.271314,Occupied,0.000023,0.000220,0.999757,2,,3,Moving
2026-08-23 18:04:41.223,160.6873,6400,1.000000,0.271314,Occupied,0.000032,0.000534,0.999434,2,,3,Moving
2026-08-23 18:04:42.185,161.6352,6440,1.000000,0.271314,Occupied,0.000033,0.000530,0.999436,2,,3,Moving
2026-08-23 18:04:43.200,162.6789,6480,1.000000,0.271314,Occupied,0.000249,0.005828,0.993923,2,,3,Moving
2026-08-23 18:04:44.180,163.6787,6520,1.000000,0.271314,Occupied,0.000236,0.999437,0.000327,2,,3,Moving
2026-08-23 18:04:45.163,164.6685,6560,1.000000,0.271314,Occupied,0.000184,0.999589,0.000227,2,,3,Moving
2026-08-23 18:04:46.194,165.6361,6600,1.000000,0.271314,Occupied,0.000205,0.999603,0.000192,1,MOVING->STANDING,2,Standing
2026-08-23 18:04:47.144,166.6538,6640,1.000000,0.271314,Occupied,0.000242,0.998673,0.001086,1,,2,Standing
2026-08-23 18:04:48.212,167.6366,6680,0.999999,0.271314,Occupied,0.000297,0.998398,0.001306,1,,2,Standing
2026-08-23 18:04:49.187,168.6298,6720,0.999999,0.271314,Occupied,0.000663,0.871399,0.127938,1,,2,Standing
2026-08-23 18:04:50.206,169.6438,6760,0.999999,0.271314,Occupied,0.000503,0.884045,0.115452,1,,2,Standing
2026-08-23 18:04:51.202,170.6789,6800,0.999998,0.271314,Occupied,0.000511,0.996823,0.002667,1,,2,Standing
2026-08-23 18:04:52.186,171.6620,6840,0.999998,0.271314,Occupied,0.000221,0.998702,0.001077,1,,2,Standing
2026-08-23 18:04:53.219,172.6442,6880,0.999999,0.271314,Occupied,0.000195,0.998696,0.001109,1,,2,Standing
2026-08-23 18:04:54.186,173.6290,6920,0.999999,0.271314,Occupied,0.000201,0.998703,0.001097,1,,2,Standing
2026-08-23 18:04:55.170,174.6694,6960,0.999999,0.271314,Occupied,0.000094,0.999778,0.000128,1,,2,Standing
2026-08-23 18:04:56.158,175.6607,7000,0.999999,0.271314,Occupied,0.000120,0.999727,0.000153,1,,2,Standing
2026-08-23 18:04:57.183,176.6290,7040,0.999999,0.271314,Occupied,0.000280,0.999398,0.000322,1,,2,Standing
2026-08-23 18:04:58.170,177.6267,7080,0.999999,0.271314,Occupied,0.000239,0.999449,0.000312,1,,2,Standing
2026-08-23 18:04:59.186,178.6780,7120,0.999999,0.271314,Occupied,0.000139,0.999633,0.000228,1,,2,Standing
2026-08-23 18:05:00.155,179.6533,7160,0.999999,0.271314,Occupied,0.000621,0.654164,0.345214,1,,2,Standing
2026-08-23 18:05:01.198,180.6626,7200,0.999999,0.271314,Occupied,0.000635,0.493031,0.506334,1,,2,Standing
2026-08-23 18:05:02.219,181.6360,7240,0.999999,0.271314,Occupied,0.001094,0.824780,0.174126,1,,2,Standing
2026-08-23 18:05:03.163,182.6557,7280,0.999999,0.271314,Occupied,0.000596,0.944270,0.055133,1,,2,Standing
2026-08-23 18:05:04.170,183.6695,7320,0.999998,0.271314,Occupied,0.000405,0.997838,0.001757,1,,2,Standing
2026-08-23 18:05:05.231,184.6709,7360,0.999999,0.271314,Occupied,0.000247,0.039225,0.960528,1,,2,Standing
2026-08-23 18:05:06.194,185.6944,7400,0.999998,0.271314,Occupied,0.000075,0.000297,0.999628,1,,2,Standing
2026-08-23 18:05:07.169,186.6806,7440,0.999993,0.271314,Occupied,0.000071,0.000313,0.999615,2,STANDING->MOVING,3,Moving
2026-08-23 18:05:08.193,187.6957,7480,0.999967,0.271314,Occupied,0.000112,0.000196,0.999692,2,,3,Moving
2026-08-23 18:05:09.277,188.7033,7520,0.999802,0.271314,Occupied,0.000908,0.000389,0.998703,2,,3,Moving
2026-08-23 18:05:10.194,189.6958,7560,0.998655,0.271314,Occupied,0.003793,0.001971,0.994236,2,,3,Moving
2026-08-23 18:05:11.182,190.6866,7600,0.988213,0.271314,Occupied,0.052972,0.786370,0.160659,2,,3,Moving
2026-08-23 18:05:12.197,191.6935,7640,0.939182,0.271314,Occupied,0.011870,0.985998,0.002132,2,,3,Moving
2026-08-23 18:05:13.208,192.6531,7680,0.803708,0.271314,Occupied,0.024051,0.972112,0.003836,1,MOVING->STANDING,2,Standing
2026-08-23 18:05:14.169,193.6858,7720,0.524518,0.271314,Occupied,0.033852,0.961833,0.004315,1,,2,Standing
2026-08-23 18:05:15.219,194.6713,7760,0.276121,0.271314,Occupied,0.369316,0.610888,0.019796,1,,2,Standing
2026-08-23 18:05:16.205,195.6540,7800,0.283665,0.271314,Occupied,0.361407,0.631553,0.007040,1,,2,Standing
2026-08-23 18:05:17.178,196.6876,7840,0.296392,0.271314,Occupied,0.393130,0.598412,0.008458,1,,2,Standing
2026-08-23 18:05:18.204,197.7043,7880,0.200044,0.271314,Empty,0.000000,0.000000,0.000000,-1,,0,Empty
2026-08-23 18:05:19.194,198.7105,7920,0.162694,0.271314,Empty,0.000000,0.000000,0.000000,-1,,0,Empty
2026-08-23 18:05:20.252,199.7045,7960,0.189511,0.271314,Empty,0.000000,0.000000,0.000000,-1,,0,Empty
2026-08-23 18:05:21.215,200.7041,8000,0.180856,0.271314,Empty,0.000000,0.000000,0.000000,-1,,0,Empty
2026-08-23 18:05:22.253,201.6960,8040,0.175714,0.271314,Empty,0.000000,0.000000,0.000000,-1,,0,Empty
2026-08-23 18:05:23.269,202.6950,8080,0.163655,0.271314,Empty,0.000000,0.000000,0.000000,-1,,0,Empty
2026-08-23 18:05:24.261,203.6957,8120,0.168469,0.271314,Empty,0.000000,0.000000,0.000000,-1,,0,Empty
2026-08-23 18:05:25.237,204.7038,8160,0.140273,0.271314,Empty,0.000000,0.000000,0.000000,-1,,0,Empty
2026-08-23 18:05:26.273,205.6784,8200,0.134026,0.271314,Empty,0.000000,0.000000,0.000000,-1,,0,Empty
2026-08-23 18:05:27.270,206.6859,8240,0.218191,0.271314,Empty,0.000000,0.000000,0.000000,-1,,0,Empty
2026-08-23 18:05:28.194,207.7027,8280,0.364918,0.271314,Occupied,0.996760,0.002818,0.000422,0,INIT->LYING,1,Lying
2026-08-23 18:05:29.307,208.6962,8320,0.484138,0.271314,Occupied,0.990899,0.008216,0.000885,0,,1,Lying
2026-08-23 18:05:30.288,209.6949,8360,0.532697,0.271314,Occupied,0.944841,0.002178,0.052981,0,,1,Lying
2026-08-23 18:05:31.210,210.7189,8400,0.720179,0.271314,Occupied,0.928972,0.001814,0.069215,0,,1,Lying
2026-08-23 18:05:32.237,211.6937,8440,0.855422,0.271314,Occupied,0.980565,0.000446,0.018989,0,,1,Lying
2026-08-23 18:05:33.237,212.7271,8480,0.899364,0.271314,Occupied,0.996768,0.002553,0.000679,0,,1,Lying
2026-08-23 18:05:34.222,213.7182,8520,0.924446,0.271314,Occupied,0.743242,0.242461,0.014297,0,,1,Lying
2026-08-23 18:05:35.246,214.6939,8560,0.921100,0.271314,Occupied,0.870652,0.122437,0.006910,0,,1,Lying
2026-08-23 18:05:36.261,215.6870,8600,0.930991,0.271314,Occupied,0.896710,0.094850,0.008440,0,,1,Lying
2026-08-23 18:05:37.212,216.7192,8640,0.958083,0.271314,Occupied,0.892107,0.101539,0.006354,0,,1,Lying
2026-08-23 18:05:38.272,217.6776,8680,0.965242,0.271314,Occupied,0.940418,0.055705,0.003877,0,,1,Lying
2026-08-23 18:05:39.228,218.7272,8720,0.964828,0.271314,Occupied,0.993598,0.005643,0.000759,0,,1,Lying
2026-08-23 18:05:40.228,219.7355,8760,0.965735,0.271314,Occupied,0.993654,0.005615,0.000731,0,,1,Lying
2026-08-23 18:05:41.244,220.6853,8800,0.962742,0.271314,Occupied,0.990425,0.008364,0.001211,0,,1,Lying
2026-08-23 18:05:42.221,221.6863,8840,0.955891,0.271314,Occupied,0.985048,0.013093,0.001858,0,,1,Lying
2026-08-23 18:05:43.202,222.7102,8880,0.952682,0.271314,Occupied,0.985506,0.013072,0.001422,0,,1,Lying
2026-08-23 18:05:44.194,223.7100,8920,0.967174,0.271314,Occupied,0.997751,0.001988,0.000261,0,,1,Lying
2026-08-23 18:05:45.213,224.7112,8960,0.975044,0.271314,Occupied,0.996883,0.002711,0.000406,0,,1,Lying
2026-08-23 18:05:46.212,225.7028,9000,0.978362,0.271314,Occupied,0.997839,0.001607,0.000554,0,,1,Lying
2026-08-23 18:05:47.246,226.6779,9040,0.981043,0.271314,Occupied,0.997220,0.001515,0.001265,0,,1,Lying
2026-08-23 18:05:48.254,227.6962,9080,0.974355,0.271314,Occupied,0.439863,0.004821,0.555316,0,,1,Lying
2026-08-23 18:05:49.247,228.7561,9120,0.969530,0.271314,Occupied,0.306319,0.002690,0.690991,0,,1,Lying
2026-08-23 18:05:50.278,229.7019,9160,0.957780,0.271314,Occupied,0.164947,0.005899,0.829154,0,,1,Lying
2026-08-23 18:05:51.260,230.7033,9200,0.956098,0.271314,Occupied,0.679268,0.283555,0.037177,0,,1,Lying
2026-08-23 18:05:52.272,231.7190,9240,0.952187,0.271314,Occupied,0.697465,0.293104,0.009431,0,,1,Lying
2026-08-23 18:05:53.256,232.7166,9280,0.934423,0.271314,Occupied,0.932392,0.064960,0.002648,0,,1,Lying
2026-08-23 18:05:54.220,233.7355,9320,0.893148,0.271314,Occupied,0.350529,0.639814,0.009657,0,,1,Lying
2026-08-23 18:05:55.269,234.7195,9360,0.881473,0.271314,Occupied,0.244707,0.751011,0.004282,0,,1,Lying
2026-08-23 18:05:56.302,235.7022,9400,0.854003,0.271314,Occupied,0.066392,0.929635,0.003974,0,,1,Lying
2026-08-23 18:05:57.257,236.7279,9440,0.749153,0.271314,Occupied,0.026337,0.971426,0.002236,1,LYING->STANDING,2,Standing
2026-08-23 18:05:58.249,237.7121,9480,0.711939,0.271314,Occupied,0.009156,0.989247,0.001597,1,,2,Standing
